chr9	130880529	ABL1	G	A
chr20	32434789	ASXL1	C	T
chr20	32434795	ASXL1	C	T
chr20	32436955	ASXL1	C	T
chrX	40063794	BCOR	G	A
chrX	40072739	BCOR	A	C
chr11	119278238	CBL	G	T
chr11	119278181	CBL	T	C
chr11	119278220	CBL	T	C
chr11	119278541	CBL	G	A
chr19	33301928	CEBPA	C	A
chr19	33301974	CEBPA	G	C
chr19	33302381	CEBPA	G	A
chr19	33301846	CEBPA	G	T
chr1	36466506	CSF3R	C	A
chr1	36467597	CSF3R	G	T
chr7	102277948	CUX1	G	C
chr7	102275246	CUX1	G	A
chr7	102239388	CUX1	G	T
chr5	177512369	DDX41	C	T
chr2	25234373	DNMT3A	C	T
chr2	25240638	DNMT3A	A	G
chr2	25235800	DNMT3A	G	A
chr2	25234374	DNMT3A	G	A
chr2	25240666	DNMT3A	A	T
chr2	25240672	DNMT3A	G	C
chr2	25244150	DNMT3A	C	T
chr2	25246679	DNMT3A	A	G
chr2	25247160	DNMT3A	T	C
chr2	25241612	DNMT3A	G	A
chr2	25244629	DNMT3A	G	T
chr2	25235768	DNMT3A	G	A
chr2	25241561	DNMT3A	C	T
chr2	25235717	DNMT3A	C	T
chr7	148847226	EZH2	G	A
chr13	28015701	FLT3	C	G
chr13	28018486	FLT3	T	A
chr13	28018486	FLT3	T	G
chr13	28018504	FLT3	T	A
chr13	28018505	FLT3	C	A
chr13	28028203	FLT3	G	T
chr13	28034144	FLT3	A	C
chr13	28034204	FLT3	T	C
chr3	128481887	GATA2	A	C
chr3	128481911	GATA2	T	C
chr2	208248389	IDH1	G	T
chr2	208248389	IDH1	G	A
chr2	208248388	IDH1	C	T
chr15	90088606	IDH2	C	T
chr15	90088702	IDH2	C	T
chr9	5073770	JAK2	G	T
chr9	5072541	JAK2	G	A
chr4	54727506	KIT	C	T
chr4	54733155	KIT	A	T
chr4	54733155	KIT	A	C
chr4	54728031	KIT	C	T
chr4	54733154	KIT	G	T
chr12	25227341	KRAS	T	G
chr12	25227334	KRAS	A	T
chr12	25245351	KRAS	C	T
chr12	25245347	KRAS	C	T
chr12	25245350	KRAS	C	T
chr12	25245351	KRAS	C	A
chr1	43352635	MPL	T	G
chr17	31249093	NF1	C	T
chr17	31340504	NF1	G	A
chr17	31169939	NF1	T	A
chr17	31337366	NF1	A	G
chr9	136503316	NOTCH1	A	G
chr1	114716126	NRAS	C	T
chr1	114713907	NRAS	T	A
chr1	114716126	NRAS	C	A
chr1	114716127	NRAS	C	G
chr1	114716123	NRAS	C	T
chr1	114716126	NRAS	C	G
chr1	114716123	NRAS	C	A
chr10	87960893	PTEN	G	T
chr12	112450398	PTPN11	C	T
chr12	112450407	PTPN11	A	C
chr12	112450359	PTPN11	G	T
chr12	112488444	PTPN11	G	A
chr12	112489081	PTPN11	C	T
chr12	112450359	PTPN11	G	C
chr12	112450386	PTPN11	A	T
chr12	112450391	PTPN11	T	C
chr12	112450394	PTPN11	G	A
chr12	112450394	PTPN11	G	C
chr12	112450385	PTPN11	G	A
chr12	112489084	PTPN11	G	T
chr8	116847649	RAD21	C	A
chr8	116847640	RAD21	G	A
chr21	34799310	RUNX1	G	A
chr21	34834572	RUNX1	T	A
chr21	34880556	RUNX1	C	T
chr21	34859494	RUNX1	T	C
chr21	34880555	RUNX1	A	G
chr21	34880562	RUNX1	C	T
chr21	34859485	RUNX1	C	T
chr21	34880569	RUNX1	G	C
chr21	34887043	RUNX1	T	A
chr21	34880580	RUNX1	C	T
chr21	34880643	RUNX1	G	T
chr10	110596431	SMC3	G	T
chr17	76736877	SRSF2	G	T
chr17	76736878	SRSF2	G	T
chr17	76736877	SRSF2	G	A
chr17	76736877	SRSF2	G	C
chr17	76736874	SRSF2	G	A
chrX	124066355	STAG2	G	T
chrX	124095390	STAG2	C	T
chrX	124063861	STAG2	T	G
chr4	105236967	TET2	C	T
chr4	105276128	TET2	T	C
chr4	105276053	TET2	C	A
chr4	105275457	TET2	T	A
chr4	105275493	TET2	T	G
chr4	105276113	TET2	A	G
chr4	105243621	TET2	C	T
chr4	105276220	TET2	C	T
chr4	105235719	TET2	C	T
chr4	105276301	TET2	G	T
chr4	105261826	TET2	C	A
chr4	105236688	TET2	C	T
chr4	105243615	TET2	C	T
chr4	105275662	TET2	G	T
chr4	105275056	TET2	C	T
chr4	105276128	TET2	T	A
chr4	105259697	TET2	C	G
chr17	7675088	TP53	C	T
chr17	7674250	TP53	C	T
chr21	43094667	U2AF1	T	G
chr11	32392717	WT1	G	A
chr11	32392050	WT1	G	A
chr11	32396364	WT1	G	T
chr11	32392014	WT1	C	T
chr11	32434772	WT1	G	A
chrX	15822745	ZRSR2	C	T
